;Nome;Endereco;Bairro;CNPJ;;;
1;AC MORAIS COMBUSTIVEIS LTDA;AVENIDA MARECHAL MASCARENHAS DE MORAIS, 898;IMBIRIBEIRA;22.493.813/0001-01;;;
2;CLEONICE MARIA SILVA SOBRAL;AVENIDA BEBERIBE, 4668;AGUA FRIA;24.388.803/0001-23;;;
3;GERALDO VIEIRA & CIA LTDA;AVENIDA CAXANGA, 4500;IPUTINGA;10.996.148/0001-81;;;
4;POSTO A. R. COMBUSTIVEL LTDA;PRAÇA VENACIO REZENDE, 10;AFOGADOS;01.832.098/0001-06;;;
5;POSTO JOCKEY COM. VAREJISTA DE COMBUSTIVEIS LTDA;AVENIDA ENGENHEIRO ABDIAS DE CARVALHO;PRADO;09.275.194/0001-02;;;
6;POSTO MADALENA COMERCIO DE COMBUSTIVEIS LTDA;AVENIDA VISCONDE DE ALBUQUERQUE, 964;MADALENA;10.545.374/0001-46;;;
7;POSTO MONTE AZUL LTDA;AVENIDA RECIFE, 2586;AREIAS;04.994.214/0001-81;;;
8;POSTO SAO SEBASTIAO LTDA;AVENIDA NORTE MIGUEL ARRAES DE ALLENCAR, 6717;CASA AMARELA;11.188.133/0001-50;;;
9;POSTO VERALI LTDA;AVENIDA CONSELHEIRO AGUIAR, 1540;BOA VIAGEM;00.875.134/0001-56;;;
10;REAL COMERCIO DE DERIVADOS DE PETROLEO LTDA;RUA DOM BOSCO, 1183;BOA VISTA;13.569.194/0001-92;;;
11;CADILAC PETROLEO LTDA;AVENIDA FERNANDO SIMOES BARBOSA, 406;BOA VIAGEM;13.225.399/0001-50;;;
12;D & C COMERCIO DE COMBUSTIVEIS LTDA;AVENIDA LIBERDADE , 1113;TEJIPIÓ;08.215.409/0001-37;;;
13;INVESTGAS LOCACAO E INVESTIMENTOS LIMITADA;RODOVIA BR-101 NORTE, S/N;CORREGO DO JENIPAPO;07.617.461/0001-57;;;
14;INVESTIGAS LOCACAO E INVESTIMENTOS LIMITADA-3;AVENIDA DA RECUPERACAO, S/N;GUABIRABA;07.617.461/0003-19;;;
15;MAXIMA COMERCIO VAREJISTA DE COMBUSTIVEIS LTDA;AVENIDA ENGENHEIRO ABDIAS DE CARVALHO, 2716;PRADO;08.775.275/0001-09;;;
16;MENEZES COMBUSTIVEIS LTDA;AVENIDA DOIS RIOS, 601;IBURA;70.066.527/0001-02;;;
17;MT COMERCIO DE COMBUSTIVEIS LTDA;AVENIDA VISCONDE DE SAO LEOPOLDO, 257;ENGENHO DO MEIO;11.835.934/0001-60;;;
18;PENTAGAS LTDA;AVENIDA BEBERIBE, 2475;AGUA FRIA;04.318.257/0001-47;;;
19;PETROCAL BAIRRO DO RECIFE;AVENIDA ALFREDO LISBOA, 173;RECIFE ANTIGO;01.294.927/0001-44;;;
20;PETROCAL PETRÓLEO CAVALCANTI LTDA.;RODOVIA BR 101 SUL, S/N;CURADO;12.781.233/0011-20;;;
21;PETROCAL PETROLEO CAVALCANTI LTDA-09;RUA CONSELHEIRO NABUCO, 383;CASA AMARELA;12.781.233/0009-05;;;
22;PETROCAL-PETROLEO CAVALCANTI LTDA;AVENIDA MARECHAL MASCARENHAS DE MORAIS, 1854;IMBIRIBEIRA;12.781.233/0001-58;;;
23;PETROCAL-PETROLEO CAVALCANTI LTDA-4;AVENIDA ENGENHEIRO ABDIAS DE CARVALHO, 720;MADALENA;12.781.233/0004-09;;;
24;PETROVEL PETROLEO VELOSO LTDA-2;RUA DO BOM PASTOR, 27;IPUTINGA;01.294.927/0002-25;;;
25;POSTO ATENAS LTDA;AVENIDA RECIFE, 1644;AREIAS;02.331.341/0001-75;;;
26;POSTO CANCUN LTDA;RODOVIA PE-15, S/N;ARTHUR LUNDGREN - PAULISTA;01.912.250/0002-41;;;
27;POSTO CANCUN LTDA;ESTRADA DE BELEM, 736;CAMPO GRANDE;01.912.250/0003-22;;;
28;POSTO CAPRI COM DE PETROLEO LTDA;AV GENERAL SAN MARTIN, 525;CORDEIRO;07.733.200/0001-00;;;
29;POSTO CAPRI COMÉRCIO DE PETROLEO LTDA;AVENIDA GOVERNADOR CARLOS DE LIMA CAVALCANTE, 72;BAIRRO NOVO - OLINDA;07.733.200/0002-83;;;
30;POSTO CONCORDE LTDA;AVENIDA ENGENHEIRO DOMINGOS FERREIRA, 50;BOA VIAGEM;02.289.819/0001-46;;;
31;AFFONSO FERREIRA LTDA;RODOVIA BR-101 SUL, 1999;JARDIM SAO PAULO;05.112.178/0001-48;;;
32;CABANA COMERC. E DERIV. DE PETROL. LTDA;AVENIDA SUL, 1344;SÃO JOSÉ;12.473.918/0001-37;;;
33;CINTRA DA MOTA COMERCIO DE PETROLEO LTDA;RUA LEANDRO BARRETO;JARDIM SAO PAULO;04.039.241/0001-03;;;
34;E.C. MORAIS COMBUSTIVEIS LTDA;AVENIDA JOAO DE BARROS, 1454;ESPINHEIRO;05.603.563/0001-98;;;
35;ESTAÇÃO SERVIÇOS BOA VIAGEM LTDA;RUA BARÃO DE SOUZA LEÃO, 240;BOA VIAGEM;02.016.104/0001-10;;;
36;MC COMERCIO E DRIVADOS DE PETROLEO LTDA -ME;AVENIDA NORTE MIGUEL ARRAES DE ALENCAR, 4390;TAMARINEIRA;00.304.243/0001-13;;;
37;MF COMÉRCIO DE DERIVADOS DE PETRÓLEO LTDA.;AVENIDA JOAQUIM RIBEIRO , 1345;VARZEA;09.164.912/0001-73;;;
38;ORGANIZACAO DE PETROLEO SHOPPING LTDA-2;RUA BARÃO DE SOUZA LEÃO, 1388;BOA VIAGEM;09.044.272/0002-49;;;
39;ORGANIZACAO DE PETROLEO SHOPPING LTDA-3;RUA RIBEIRO DE BRITO, 1034;BOA VIAGEM;09.044.272/0001-68;;;
40;POSTO ABASTECIMENTO SAO JOSE LTDA;RUA IMPERIAL, 457;SÃO JOSÉ;10.544.641/0001-60;;;
41;POSTO LEAO DA ILHA LTDA;AVENIDA DOUTOR JOSÉ RUFINO, 125;MADALENA;00.672.715/0001-90;;;
42;POSTO LEÃO DA ILHA LTDA.;AVENIDA ENGENHEIRO ABDIAS DE CARVALHO, 1055;ILHA DO RETIRO;00.672.715/0003-52;;;
43;POSTO PIATA LTDA;AVENIDA NORTE MIGUEL ARRAES DE ALENCAR, 3257;ROSARINHO;04.151.191/0001-43;;;
44;POSTO RECH LTDA.;AVENIDA ENGENHEIRODOMINGOS FERREIRA, 2117 ;BOA VIAGEM;11.052.812/0001-05;;;
45;POSTO SOPHIA LTDA;AVENIDA CAXANGA, 5405;VARZEA;07.594.533/0001-98;;;
46;R. M. PETROLEO LTDA;AVENIDA DOUTOR JOSE RUFINO;TEJIPIÓ;02.760.313/0001-73;;;
47;TACARUNA PETROLEO LTDA;AVENIDA GOVERNADOR AGAMENON MAGALHAES, 1101;SANTO AMARO;05.381.715/0001-55;;;
48;A B SILVA E CIA LTDA;AVENIDA BEBERIBE, 1021;ENCRUZILHADA;10.973.568/0001-42;;;
49;AC NORTE LTDA;AVENIDA NORTE, 1002;SANTO AMARO;05.148.880/0001-61;;;
50;ALMEIDA COMERCIO DE DERIVADOS DE PETROLEO LTDA;AVENIDA MONTEVIDEU, 336;BOA VISTA;02.070.333/0001-12;;;
51;AUTO POSTO AURORA LTDA;RUA DA AURORA, 998;BOA VISTA;01.207.642/0001-29;;;
52;BEZERRA MENEZES COMERCIO DE PETROLE LTDA;AVENIDA DOUTOR BELMÍNIO CORREIO, 8082;SÃO LOURENÇO DA MATA;12.848.099/001-65;;;
53;C ALBUQUERQUE COMÉRCIO DE COMBUSTÍVEIS LTDA.;AVENIDA ENGENHEIRO ABDIAS DE CARVALHO, 91 ;PRADO;07.553.578/0001-14;;;
54;CEMOPEL-CM PETOLEO LTDA-2;AVENIDA PARNAMIRIM, 196;PARNAMIRIM;69.943.686/0002-31;;;
55;CEMOPEL-CM PETROLEO LTDA;AVENIDA RUI BARBOSA, 879;GRACAS;69.943.686/0001-50;;;
56;CEMOPEL-CM PETROLEO LTDA-8;RUA RIO AZUL, 219;BOA VIAGEM;69.943.686/0008-27;;;
57;CJCM PETROLEO LTDA;RUA ERNESTO DE PAULA SANTOS , 525;BOA VIAGEM;13.901.790/0001-28;;;
58;CJCM Petróleo Ltda;AV. DEZESSETE DE AGOSTO, 2450;CASA FORTE;13.901.790/0004-70;;;0
59;FERRAZ COMERCIO DE COMBUSTIVEIS LTDA;ESTRADA DE BELEM, 1782;CAMPO GRANDE;08.342.298/0001-20;;;
60;FERRAZ COMERCIO DE COMBUSTIVEIS LTDA-2;AVENIDA MARIA IRENE, 831;JORDAO;08.342.298/0002-00;;;
61;P G COMÉRCIO DE COMBUSTÍVEIS LTDA;RUA MONTE CASTELO , 35;BOA VISTA;10.568.817/0001-14;;;
62;PETROCAL AMELIA;RUA AMÉLIA, 435;GRAÇAS;05.684.913/0002-79;;;
63;PETROCAL CORDEIRO;AVENIDA PROFESSOR ESTEVÃO FRANCISCO DA COSTA, 257;TORRE;12.781.233/0021-00;;;
64;PETROCAL-PETROLEO CAVALCANTI LTDA-5;AVENIDA NORTE MIGUEL ARRAES DE ALENCAR, 3110;ENCRUZILHADA;12.781.233/0005-81;;;
65;PETROCAL-PETROLEO CAVALCANTI LTDA-6;AVENIDA ANTONIO DE GOES, 218;PINA;12.781.233/0006-62;;;
66;POSTO CAMPUS DE COMBUSTIVEIS LTDA;RUA BENFICA;MADALENA;11.651.329/0001-39;;;
67;POSTO DE ABASTECIMENTO IPSEP LTDA;RUA JEAN EMILE FAVRE, 1083;IPSEP;11.564.671/0001-00;;;
68;POSTO ESPIRITO SANTO LTDA;AVENIDA DOUTOR JOSE RUFINO, 2009;BARRO;24.440.646/0001-58;;;
69;POSTO FIJI COMERCIO DE COMBUSTIVEIS LTDA;RODOVIA BR-101, S/N;PRAZERES;11.251.195/001-69;;;
70;POSTO IBIZA LTDA;AVENIDA RECIFE, 5421;SAN MARTIN;03.281.744/0002-09;;;
71;POSTO IBIZA LTDA;AVENIDA MANOEL GONÇALVES DA LUZ, 70;BONGI;03.281.744/0001-10;;;
72;POSTO NOSSA SENHORA DOS PRAZERES LTDA;RUA SÃO MIGUEL, 1452;AFOGADOS;11.176.245/0002-71;;;
73;RIBEIRO REVENDEDORA DE COMBUSTIVEIS LTDA;AVENIDA CONDE DA BOA VISTA, 1377;SOLEDADE;11.315.678/0001-80;;;
74;S B COMÉRCIO DE PETRÓLEO LTDA;ROD. BR- 101 KM- 56 S/N ;APIPUCOS ;10.887.086/0001-70;;;
75;SIVINI PETROLEO LTDA;AVENIDA BEBERIBE, 3433;AGUA FRIA;02.998.548/0001-06;;;
76;A. V. COMBUSTIVEIS LTDA-2;AVENIA DEZESSETE DE AGOSTO, 2310;MONTEIRO;02.162.112/0002-55;;;
77;ARMOSA DISTRIBUIDORA LTDA;RUA ABELARDO, 30;GRAÇAS;11.887.478/0001-00;;;
78;AUTO POSTO AREIAS PETROLEO LTDA;AVENIDA DOUTOR JOSE RUFINO, 1508;BARRO;13.416.163/0001-00;;;
79;AUTO POSTO VILA NOVA LTDA;AVENIDA CAXANGA, 1271;CORDEIRO;24.404.154/0001-07;;;
80;CAPRICHO PETROLEO LTDA;AVENIDA TAPAJOS, 29;ESTANCIA;13.213.478/0001-41;;;
81;CARICE COMERCIO DE COMBUSTIVEIS LTDA;RUA ERNESTO DE PAULA SANTOS, 913;BOA VIAGEM;11.512.498/0001-98;;;
82;CONSTRUCIPE - COM. CONSTRUCOES E INC. LTDA-2;AVENIDA PRESIDENTE DUTRA, 451;IMBIRIBEIRA;07.193.050/0002-62;;;
83;D LINSAY LTDA - EPP;RUA ALTO DO GALUCHO - BR-232, S/N, KM 47;REDENÇÃO - VITÓRIA DE STO ANTÃO;70.080.221/0001-00;;;
84;D LINSAY LTDA - EPP;ROD BR 232, 260 - KM 128;DISTRITO INDUSTRIAL - CARUARU;70.080.221/0002-83;;;
85;ENERGY DERIVADOS DE PETROLEO LTDA;AVENIDA MARECHAL MASCARENHAS DE MORAIS, 53;IMBIRIBEIRA;08.826.546/0001-08;;;
86;EXCLUSIVE COMERCIAL LTDA;ESTRADA DO ARRAIAL, 2345;TAMARINEIRA;70.174.925/0001-34;;;
87;J L POSTO VENDA GRANDE LTDA;RUA ARQUITETO LUIZ NUNES, 493;IMBIRIBEIRA;04.706.459/0001-66;;;
88;L S S COMBUSTIVEL LTDA;RUA SAO MIGUEL, 2072;JIQUIA;69.952.240/0001-92;;;
89;M L VIEIRA CUNHA CIA LTDA;AVENIDA CONSELHEIRO AGUIAR, 4074;BOA VIAGEM;10.917.037/0001-32;;;
90;NASHE LTDA;AVENIDA VISCONDE DE JEQUITINHINHA, 3594;BOA VIAGEM;70.090.972/0001-08;;;
91;NVC COMERCIO DE COMBUSTIVEIS EIRELI;AVENIDA NORTE, 2905;ENCRUZILHADA;20.981.481/0001-70;;;
92;O V J DERIVADOS DE PETROLEO LTDA;AVENIDA NORTE MIGUEL ARRAES DE ALENCAR, 3416;ENCRUZINHADA;09.571.844/0001-67;;;
93;PETRO AGAMENON COMBUSTIVEL LTDA;AVENIDA GOVERNADOR AGAMENON MAGALHAES, 501;SANTO AMARO;09.462.260/0001-53;;;
94;PETRO JOQUEI COMBUSTIVEL LTDA;RUA CARLOS GOMES , 758;PRADO;07.815.352/0001-44;;;
95;POSTO BIPIRANGA LTDA;AVENIDA RECIFE , 3532;IPSEP;07.090.825/0001-93;;;
96;POSTO CASA FORTE LTDA;AV. 17 DE AGOSTO, 598;CASA FORTE ;08.156.003/0001-20;;;
97;POSTO DE COMBUSTÍVEIS ROCHA LTDA;RUA COSME VIANA ;AFOGADOS;11.029.057/0001-30;;;
98;POSTO INTERNACIONAL LTDA;RUA BENFICA, 569;MADALENA;02.755.124/0001-02;;;
99;POSTO LUPP 2 LTDA;AV. ENG.ABDIAS DE CARVALHO 1122;SAN MARTIN;24.336.661/0001-50;;;
100;POSTO PARAISO NORTE LTDA;AVENIDA NORTE MIGUEL ARRAES DE ALENCAR, 4337;TAMARINEIRA;11.450.673/0001-60;;;
101;POSTO ZAICANER LTDA;AVENIDA BEBERIBE, 2150;AGUA FRIA;02.994.835/0001-30;;;
102;POSTOS F V V LTDA;AVENIDA MILITAR, 550;RECIFE;35.703.685/0001-17;;;
103;RENAFE COMERCIO LTDA;AVENIDA DOUTOR JOSE RUFINO , 3905;TEJIPIÓ;70.227.178/0001-55;;;
104;SOCIEDADE COMERCIAL CAVALCANTI E FILHO LTDA-2;AVENIDA ENGENHEIRO DOMINGOS FERREIRA, 2640;BOA VIAGEM;24.395.071/0002-80;;;
105;ARMOSA DISTRIBUIDORA LTDA;CAIS DE SANTA RITA, 30;SANTO ANTÔNIO;11.887.478/0001-00;;;
106;BRAZ PETRO COMBUSTIVEIS LTDA;RUA SAO , 320;AFOGADOS;05.002.107/0001-92;;;
107;GASOLUB COMERCIO E SERVIÇOS LTDA;RUA COSME VIANA, 721;AFOGADOS;02.048.553/0001-40;;;
108;MARTINS & MARTINS LUBRIFICANTES E COMB LTDA;TRAVESSA SÃO MIGUEL, 2012;JIQUIÁ;17.065.055/0001-82;;;
109;MEGA POSTO LTDA;AVENIDA MARECHAL MASCARENHAS DE MORAIS, 1022;IMBIRIBEIRA;02.161.781/0001-21;;;
110;MONTENESES LTDA;AVENIDA MARECHAL MASCARENHAS DE MORAIS, 3000;IMBIRIBEIRA;01.214.408/0001-29;;;
111;POSTO ALBATEX LTDA;AVENIDA PROFESSOR MORAES REGO, 670;VARZEA;05.557.705/0001-28;;;
112;POSTO APOLO LTDA;AVENIDA CAIS DO APOLO, 790;RECIFE;09.025.305/0001-22;;;
113;POSTO FERRARI LTDA;AVENIDA BEBERIBE, 202;AGUA FRIA;03.451.205/0001-81;;;
114;POSTO ILHÉUS LTDA;RUA GENERAL JOAQUIM INÁCIO, 425;ILHA DO LEITE;03.635.534/0001-82;;;
115;POSTO MODELO LTDA.;AVENIDA PROFESSOR JOÃO MEDEIROS, 233 ;BOA VIAGEM;04.214.790/0001-69;;;
116;POSTO MODELO LTDA.;AVENIDA CAXANGA, 2864;IPUTINGA;04.214.790/0002-40;;;
117;POSTO NACIONAL - COM. DE DER. DE PETROLEO LTDA;AVENIDA MARECHAL MASCARENHAS DE MORAIS, 5803;IMBIRIBEIRA;09.120.240/0001-02;;;
118;POSTO TACARUNA LTDA;AVENIDA CRUZ CABUGA, 991 ;SANTO AMARO;04.164.913/0001-02;;;
119;POSTO XINGU LTDA.;RODOVIA BR 101, S/N, KM 71,9;JARDIM SAO PAULO;03.786.763/0001-06;;;
120;POSTO XINGU LTDA.;RUA JOAO TUDE DE MELO, 91 ;PARNAMIRIM;03.786.763/0002-89;;;
121;SERVICAR S/A;AVENIDA MANOEL BORBA, 410;BOA VISTA;09.798.307/0001-54;;;
122;SOUZA LEAO, DIDIER LTDA;RUA BADEJO, 4;BRASILIA TEIMOSA;08.725.657/0009-85;;;
123;VILA BELA COMERCIO DE COMBUSTIVEIS LTDA;VILA DO PORTO, S/N;FERNANDO DE NORONHA;07.105.859/003-76;;;
124;VILA JARDIM COMÉRCIO DE COMBUSTÍVEL LTDA;RODOVIA BR 101 SUL, S/N, KM 6,1;JARDIM SAO PAULO;10.725.669/0001-02;;;
125;WANDERLEY E CLAUDENIER LTDA;AVENIDA JOAQUI RIBEIRO, 40;CAXANGA;08.191.686/0001-57;;;
126;POSTO ESCADENSE LTDA;RUA JOAO SALES DE MENEZES;IPUTINGA;03.797.708/0003-75;;;
127;POSTO NOSSA SENHORA DOS PRAZERES LTDA;RUA BARAO DE SOUZA LEAO ;BOA VIAGEM;11.176.245/0003-52;;;
128;TEREZINHA MOURA ANDRADE;LARGO DO MERCADO DO CORDEIRO ;CORDEIRO;11.310.737/0001-27;;;
129;CANAL DISTRIBUIDORA LTDA;AVENIDA VISCONDE DE JEQUITINHONHA;BOA VIAGEM;00.193.301/0001-89;;;
130;FREVVO - POSTO E CENTRO AUTOMOTIVO LTDA ME;AVENIDA MARECHLA MASCARENHAS DE MORAIS, 2662;IMBIRIBEIRA;09.231.767/0001-04;;;
131;IGUEP-INCORPORADORA GUEDES PEREIRA LTDA;AVENIDA ENGENHEIRO ABDIAS DE CARVALHO, 1701;PRADO;11.694.577/0004-00;;;
132;IGUEP-INCORPORADORA GUEDES PEREIRA LTDA-2;AVENIDA ENGENHEIRO ABDIAS DE CARVALHO, 577;PRADO;11.694.577/0001-67;;;
133;SERRA VERDE COMBUSTIVEIS LTDA;RUA JOAO IVO DA SILVA;MADALENA;11.897.504/0001-72;;;
134;SERV- NORTE COMÉRCIO DE COMBUSTIVEIS LTDA;RUA JOSE OSORIO;MADALENA;11.366.798/0002-97;;;
135;SERV- NORTE COMÉRCIO DE COMBUSTIVEIS LTDA;AVENIDA Pres Kennedy, 3619;Peixinhos - olinda;11.366.798/0003-78;;;
136;SERV- NORTE COMÉRCIO DE COMBUSTIVEIS LTDA;AVENIDA NORTE MIGUEL ARRAES DE ALENCAR ;ENCRUZILHADA;11.366.798/0001-06;;;
137;ARROWS COMERCIAL LTDA;RUA SÃO MIGUEL;AFOGADOS;03.474.243/0001-50;;;
138;B & D COMÉRCIO DE COMBUSTÍVEL LTDA.;AVENIDA DA RECUPERAÇÃO;GUABIRABA;09.024.462/0001-13;;;
139;FERREIRA E FERREIRA COMB. LTDA;AV. BEBERIBE ;PORTO DA MADEIRA;11.806.259/0001-40;;;
140;MSL PRESTADORA DE SERVIÇOS LTDA.;RUA RIO AZUL;BOA VIAGEM;05.664.531/0001-00;;;
141;PETRO ABDIAS LTDA;AVENIDA ENGENHEIRO ABDIAS DE CARVALHO;PRADO;04.165.127/0001-11;;;
142;PETRO CAXANGA LTDA;AVENIDA CAXANGA;VARZEA;03.737.645/0001-08;;;
143;POSTO NETUNO LTDA.;AVENIDA ANTONIO DE GOÉS;PINA;11.373.214/0001-20;;;
144;POSTO SILVA E ARAUJO LTDA.;AVENIDA CAXANGA;CORDEIRO;11.373.214/0001-20;;;
145;TORRE COMERCIO DE COMBUSTIVEIS LTDA ME;RUA REAL DA TORRE;TORRE;04.172.512/0001-96;;;
146;Auto Posto Estância LTDA;Avenida Recife, 5586;Areias;21.268.135/0001-02;;;
147;POSTO AVENIDA RECIFE LTDA.;AVENIDA RECIFE;IPSEP;12.424.624/0001-15;;;
148;Posto São Cirstovão LTDA;Avenida Presidente Vargas, 19;Centro-Cabo de Santo Agostinho;11.681.483/0001-53;;;
149;Rofera Combustíveis LTDA;Rua Dom Bosco, 1104;Boa Vista;17.444.764/0001-79;;;
150;Afogados Comércio de Combustíveis LTDA;Av. Sul, 2176;Afogados;23.265.296/0001-78;;;
151;Auto Posto Afogados Combustíveis LTDA;Estrada dos Remédios, 436;Afogados;23.264.023/0001-09;;;
152;AUTO POSTO JORDAO COMBUSTIVEIS LTDA;AVENIDA MARIA IRENE;JORDAO;10.820.593/0001-96;;;
153;C & M AUTO POSTO LTDA;RODOVIA DA BR 101;BARRO;05.533.008/0001-37;;;
154;MERCANTIL LEAL LTDA;RUA PADRE INGLES ;BOA VISTA;10.970.135/0001-33;;;
155;Zeca Albuquerque Comércio de Combustíveis LTDA ME;Rua São Miguel, 1563;Afogados;13.055.821/0001-77;;;
156;ABASTECA COMERCIO DE COMBUSTIVEIS LTDA;AVENIDA CAXANGA;IPUTINGA;69.935.930/0001-33;;;
157;CUNHA DERIVADOS DE PETROLEO LTDA;AVENIDA MARECHAL MASCARENHAS DE MORAIS;IMBIRIBEIIRA;00.216.435/0001-78;;;
158;F.S. GULDE COMBUSTIVEIS LTDA;Rua Padre Lemos;Casa Amarela;08.342.361/0001-28;;;
159;G M V COMBUSTIVEIS LTDA;AVENIDA JOAQUIM RIBEIRO;VARZEA;04.527.919/0001-99;;;
160;MARLIN COMERCIAL LTDA;AV. CONSELHEIRO AGUIAR;BOA VIAGEM;05.855.532/0001-24;;;
161;POSTO IPUTINGA LTDA;AVENIDA CAXANGA, 4035;IPUTINGA;11.452.372/0001-75;;;
162;AUTO POSTO SANTO EXPEDITO LTDA;AVENIDA PROFESSOR JOAQUIM CAVALCANTI, 580;Caxangá;05.121.408/0001-35;;;
163;METRO PETROLEO LTDA.;AVENIDA PRESIDENTE DUTRA, 600;IMBIRIBEIRA;13.212.876/0001-43;;;
164;NORTE BRAZ LTDA-5;RUA SAO BENTO;AGUA FRIA;24.278.624/0005-67;;;
165;POSTO GIRASSOL LTDA;AVENIDA CAXANGÁ, 4144;IPUTINGA;08.133.100/0001-06;;;
166;POSTO NOVA MADALENA LTDA;RUA jose Bonifácio, 430;MADALENA;10.500.294/0001-74;;;
167;POSTO PETROSHOP LTDA;AVENIDA DESEMBARGADOR JOSE NEVES, 211;BOA VIAGEM;13.556.448/0001-38;;;
168;A P Janga Combustíveis LTDA;Avenida Dr Cláudio Gueiros Leite, 2297;Janga - Paulista;13.096.117/0001-62;;;
169;AUTOCAR PETROLEO COMERCIO DE COMBUSTIVEIS EIRELI ;AVENIDA CONSELHEIRO AGUIA, 2430;Boa viagem;21.097.809/0001-53;;;
170;AUTOCAR PETROLEO COMERCIO DE COMBUSTIVEIS EIRELI ;AVENIDA CAXANGÁ, 4973;Várzea;21.097.809/0002-34;;;
171;AUTOCAR PETROLEO COMERCIO DE COMBUSTIVEIS EIRELI ;RUA JOÃO FERNANDES VIEIRA, 386;Boa Vista;21.097.809/0004-04;;;
172;POSTO LETICIA PEREIRA E SANTOS LTDA;AVENIDA HERCULANDO BANDEIRA, SN ;Pina;10.997.526/0001-41;;;
173;POSTO SÃO MIGUEL;AVENIDA BERNARDO VIEIRA DE MELO ;Piedade;;;;
174;A SA BARRETO;AVENIDA DEZESSETE DE AGOSTO;CASA FORTE;10.804.326/0001-25;;;
175;ALBUQUERQUE PNEUS LTDA.;AVENIDA NORTE;ENCRUZILHADA;11.117.785/0011-75;;;
176;ALMEIDA & GULDE - COMERCIO DE COMB. LTDA;AVENIDA MARECHAL MASCARENHAS DE MORAIS;IMBIRIBEIRA;09.008.799/0001-37;;;
177;AUTO POSTO UNIVERSITARIO LTDA;AVENIDA PROFESSOR MORAES REGO ;IPUTINGA;10.385.561/0001-00;;;
178;AUTO POSTO VASCONCELOS LTDA.;AVENIDA RECIFE;ESTANCIA;05.409.092/0003-43;;;
179;BIG POSTO BENFICA LTDA;AVENIDA CAXANGA;MADALENA;06.162.886/0001-56;;;
180;CAMPELO & PIMENTEL LTDA;AVENIDA VISCONDE DE ALBUQUERQUE;TORRE;10.545.374/0001-46;;;
181;CARREFOUR COMÉRCIO E INDÚSTRIA LTDA.;RUA JOSÉ BONIFÁCIO ;TORRE;45.543.915/0282-72;;;
182;CAVALCANTE RABELO LTDA;AVENIDA CONSELHEIRO ROSA E SILVA;TAMARINEIRA;08.041.444/0001-87;;;
183;COMERCIAL RECIFE - COMÉRCIO DE DERIVADOS DE PETRÓLEO LTDA.;AVENIDA BEBERIBE ;ENCRUZILHADA;11.519.114/0001-69;;;
184;COMPANHIA BRASILEIRA DE DISTRIBUIÇÃO;AVENIDA ENGENHEIRO DOMINGOS FERREIRA;BOA VIAGEM;47.508.411/1325-75;;;
185;COMPANHIA BRASILEIRA DE DISTRIBUIÇÃO;ESTRADA DOS REMEDIOS ;ILHA DO RETIRO;47.508.411/1264-19;;;
186;COMPANHIA BRASILEIRA DE DISTRIBUIÇÃO;AVENIDA ENGENHEIRO ABDIAS DE CARVALHO;MADALENA;47.508.411/1324-94;;;
187;DIVISAS COMERCIO DE COMBUSTIVEIS LTDA;AVENIDA CONSELHEIRO AGUIAR;BOA VIAGEM;01.389.574/0001-66;;;
188;DIX EMPREENDIMENTOS LTDA-2;RUA DOM BOSCO;BOA VISTA;04.409.762/0002-88;;;
189;E. A. S. COMERCIO DE COMBUSTIVEIS LTDA;RUA SÃO MIGUEL;JIQUIA;12.423.068/0001-62;;;
190;E.U. TENORIO NETO COMBUSTIVEIS;AVENIDA MARECHAL MASCARENHAS DE MORAIS;IMBIRIBEIRA;09.021.367/0001-66;;;
191;G M V COMBUSTIVEIS LTDA;AVENIDA JOAQUIM RIBEIRO;VARZEA;04.527.919/0001-99;;;
192;GRAÇAS COMBUSTÍVEIS LTDA.;AVENIDA CONSELHEIRO ROSA E SILVA ;GRAÇAS;10.385.745/0001-70;;;
193;LETICIA PEREIRA;AVENIDA HERCULANO BANDEIRA;PINA;10.997.526/0001-41;;;
194;M M PETROLEO LTDA;AVENIDA GOVERNADOR AGAMENON MAGALHAES;SANTO AMARO;00.935.571/0001-18;;;
195;MAKRO ATACADISTA S/A.;AVENIDA RECIFE;ESTANCIA;47.427.653/0041-02;;;
196;MALIBU PETROLEO LTDA.;AVENIDA CONSELHEIRO AGUIAR;BOA VIAGEM;13.213.542/0001-94;;;
197;MONTENEGRO QUEIROZ LTDA;AVENIDA MARECHAL MASCARENHAS DE MORAIS;IMBIRIBEIRA;01.301.212/0001-71;;;
198;NODEPEL NOVAES DERIVADOS DE PETROLEO LTDA;AVENIDA MARECHAL MASCARENHAS DE MORAIS;IMBIRIBEIRA;24.062.176/0001-36;;;
199;NORTE PETROLEO LTDA;AVENIDA NORTE;ALTO JOSÉ DO PINHO;04.245.511/0001-24;;;
200;NOVA ERA DERIVADOS DE PETROLEO LTDA-2;AVENIDA ENGENHEIRO ABDIAS DE CARVALHO;MADALENA;02.802.949/0002-11;;;
201;ORGANIZACAO DE PETROLEO SHOPPING LTDA;ESTRADA DOS REMEDIOS;AFOGADOS;09.044.272/0003-20;;;
202;PARCERIA COMERCIO DE DERIVADOS DE PETROLEO LTDA;AVENIDA MARECHAL MASCARENHAS DE MORAIS;IMBIRIBEIRA;12.666.410/0001-55;;;
203;PASSIRA COM. DE DERIV. DE PET. LTDA-02;AVENIDA JOAO DE BARROS;ESPINHEIRO;05.066.120/0002-96;;;
204;PASSIRA COMERCIO DE DERIVADOS DE PETROLEO LTDA-1;AV GAL. MAC ARTHUR;IMBIRIBEIRA;05.066.120/0001-05;;;
205;PETRO MIX LTDA;AVENIDA RUI BARBOSA;GRAÇAS;05.684.913/0001-98;;;
206;PETRO MIX LTDA-2;RUA AMELIA;GRACAS;05.684.913/0002-79;;;
207;PETROCAL-PETROLEO CAVALCANTI LTDA-07;RUA SAO MATEUS;IPUTINGA;12.781.233/0007-43;;;
208;PETROCAL-PETROLEO CAVALCANTI LTDA-2;RUA ERNESTO DE PAULA SANTOS ;BOA VIAGEM;12.781.233/0002-39;;;
209;PETROCAL-PETROLEO CAVALCANTI LTDA-3;RODOVIA BR-101 SUL;CURADO;12.781.233/0003-10;;;
210;PETROCAP - PETRÓLEO CAPITAL LTDA;AV. CAXANGA 4973;VARZEA ;12.259.163/0001-72;;;
211;PETROLEO COSMORAMA LTDA;RUA COSMORAMA;BOA VIAGEM;03.861.873/0001-87;;;
212;PIRES & LOPES COMBUSTÍVEIS LTDA;AVENIDA DESEMBARGADOR JOSE NEVES;BOA VIAGEM;16.700.721/0001-44;;;
213;POSTO AÇORES LTDA;ESTRADA DE BELEM;HIPODROMO;05.930.453/0001-30;;;
214;POSTO APIPUCOS LTDA;RUA DE APIPUCOS;APIPUCOS;08.986.176/0001-76;;;
215;POSTO APIPUCOS LTDA.;RUA PROFESSOR TRAJANO DE MENDONCA;TORRE;08.986.176/0003-38;;;
216;POSTO CAMPEAO LTDA;AVENIDA DOIS RIOS;IBURA;04.411.454/0001-06;;;
217;POSTO CAYMAN LTDA;ESTRADA DE BELEM;CAMPO GRANDE;05.297.513/0001-20;;;
218;POSTO CENTRO SUL LTDA.;AVENIDA ENGENHEIRO DOMINGOS FERREIRA ;BOA VIAGEM;09.490.876/0001-38;;;
219;POSTO CIDADE LTDA.;RUA CONSELHEIRO PORTELA;ESPINHEIRO;11.856.861/0002-73;;;
220;POSTO DE COMBUSTÍVEIS CDU LTDA.;RUA GENERAL POLIDORO;VARZEA;08.986.228/0001-04;;;
221;POSTO DE COMBUSTÍVEIS E SERVIÇOS O M LTDA.;RUA DOUTOR JOSE MARIA ;ENCRUZILHADA;06.282.374/0001-23;;;
222;POSTO DE COMBUSTÍVEIS EUROPA LTDA.;ESTRADA DOS REMEDIOS;AFOGADOS;11.190.994/0001-72;;;
223;POSTO DE SERVICOS QUATRO IRMAOS LTDA;AVENIDA MANOEL GONCALVES DA LUZ;MUSTARDINHA;11.375.615/0001-19;;;
224;POSTO ELO LTDA;ESTRADA DOS REMEDIO;AFOGADOS;03.895.826/0001-54;;;
225;POSTO ESCADENSE LTDA.;RUA IMPERIAL;SÃO JOSÉ;03.797.708/0002-94;;;
226;POSTO ESTRADA DOS REMEDIOS LTDA;ESTRADA DOS REMEDIOS;ILHA DO RETIRO;35.520.907/0001-66;;;
227;POSTO LUPP LTDA;AVENIDA ENGENHEIRO DOMINGOS FERREIRA;BOA VIAGEM;01.199.880/0001-30;;;
228;POSTO MAIS LTDA;RUA JORNALISTA EDSON REGIS;IBURA;06.083.222/0001-00;;;
229;POSTO SAO FELIX ESPINHEIRO LTDA - ME;RUA SANTO ELIAS ;ESPINHEIRO;21.280.350/0001-29;;;
230;POSTO SEJAL LTDA.;AVENIDA MILITAR;RECIFE;08.264.428/0002-34;;;
231;POSTO W. R. ABREU LTDA;RUA SAO MIGUEL;AFOGADOS;05.241.121/0001-49;;;
232;POSTO YPIRANGA LTDA;RUA FUTURO;AFLITOS;11.231.172/0001-92;;;
233;R C LINS E MELLO & CIA;AVENIDA VISCONDE DE SUASSUNA;SANTO AMARO;10.975.977/0001-88;;;
234;RS COMBUSTIVEIS E LUBRIFICANTES LTDA;AVENIDA DOM JOAO VI;IMBIRIBEIRA;19.205.115/0001-40;;;
235;SENZALA SERVICOS AUTOMOTIVOS LTDA;ESTRADA DO ARRAIAL;CASA AMARELA;24.337.255/0001-02;;;
236;SILVA E SILVA COM. VAREJISTA DE COMB LTDA - EPP;AVENIDA NORTE MIGUEL ARRAES DE ALENCAR;TAMARINEIRA;12.567.060/0001-70;;;
237;SOLEDADE COMBUSTIVEIS LTDA;RUA JOÃO FERNANDES VIEIRA;BOA VISTA;08.154.339/0001-54;;;
238;TEIXEIRA & FILHOS LTDA EPP;AVENIDA NORTE MIGUEL ARRAES DE ALENCAR;APIPUCOS;08.174.762/0001-16;;;
239;TORRE AUTO SERVICE LTDA;RUA JOSÉ BONIFÁCIO;TORRE;24.380.610/0001-26;;;
240;VENEZA COMBUSTIVEIS LTDA;AVENIDA CONDE DA BOA VISTA;BOA VISTA;08.924.757/0001-83;;;
